{"currentSceneName":"PlayScene","playerTransform":{"position":{"x":-2.799999952316284,"y":1.2000000476837159,"z":0.0},"modelRotation":{"x":-0.26022446155548098,"y":-0.6574825048446655,"z":0.26022446155548098,"w":0.6574825048446655},"boatDirection":1},"normalEnemyTransform":[{"position":{"x":2.799999952316284,"y":-2.0,"z":0.0},"modelRotation":{"x":-0.26022446155548098,"y":-0.6574825048446655,"z":0.26022446155548098,"w":0.6574825048446655},"boatDirection":1},{"position":{"x":-3.6000001430511476,"y":-1.2000000476837159,"z":0.0},"modelRotation":{"x":-0.26022446155548098,"y":-0.6574825048446655,"z":0.26022446155548098,"w":0.6574825048446655},"boatDirection":1}],"advanceEnemyTransform":[],"firingEnemyTransform":[],"islandPosition":[{"x":2.799999952316284,"y":-3.6000001430511476,"z":0.0},{"x":-2.0,"y":1.2000000476837159,"z":0.0},{"x":-0.4000000059604645,"y":-1.2000000476837159,"z":0.0}],"skullPosition":[]}